email,password,product
customer@practicesoftwaretesting.com,welcome01,Pliers
customer2@practicesoftwaretesting.com,welcome01,Chisel
customer@practicesoftwaretesting.com,welcome01,Saw
customer2@practicesoftwaretesting.com,welcome01,Hammer
customer@practicesoftwaretesting.com,welcome01,Tape Measure
customer2@practicesoftwaretesting.com,welcome01,Screwdriver
customer@practicesoftwaretesting.com,welcome01,Drill
customer2@practicesoftwaretesting.com,welcome01,Wrench
customer@practicesoftwaretesting.com,welcome01,Belt Sander